{
  "navigationStyle": "custom",
  "usingComponents": {
    "videos": "/pages/fitment/video/video",
    "separate": "/pages/fitment/separate/separate",
    "blank": "/pages/fitment/blank/blank",
    "banner": "/pages/fitment/banner/banner",
    "search": "/pages/fitment/search/search",
    "goods": "/pages/fitment/goods/goods",
    "navigation": "/pages/fitment/navigation/navigation",
    "tabs": "/pages/fitment/tabs/tabs",
    "titles": "/pages/fitment/title/title",
    "rubik": "/pages/fitment/rubik/rubik",
    "notice": "/pages/fitment/notice/notice",
    "advertising": "/pages/fitment/advertising/advertising",
    "coupon": "/pages/fitment/coupon/coupon",
    "wechat": "/pages/fitment/wechat/wechat",
    "favorites": "/pages/index/components/favorites",
    "he-navbar": "/components/he-navbar",
    "openidad": "/pages/index/ad"
  }
}