{
  "navigationBarTitleText": "微页面",
  "usingComponents": {
    "videos": "/pages/fitment/video/video",
    "separate": "/pages/fitment/separate/separate",
    "blank": "/pages/fitment/blank/blank",
    "banner": "/pages/fitment/banner/banner",
    "search": "/pages/fitment/search/search",
    "goods": "/pages/fitment/goods/goods",
    "advertising": "/pages/fitment/advertising/advertising",
    "navigation": "/pages/fitment/navigation/navigation",
    "tabs": "/pages/fitment/tabs/tabs",
    "titles": "/pages/fitment/title/title",
    "rubik": "/pages/fitment/rubik/rubik",
    "notice": "/pages/fitment/notice/notice",
    "coupon": "/pages/fitment/coupon/coupon",
    "task": "/pages/fitment/task/task"
  }
}