{
  "navigationStyle": "custom",
  "usingComponents": {
    "detail-banner": "/pages/goods/components/detail-banner",
    "detail-basic-information": "/pages/goods/components/detail-basic-information",
    "detail-parameter": "/pages/goods/components/detail-parameter",
    "detail-evaluation": "/pages/goods/components/detail-evaluation",
    "detail-task": "/pages/goods/components/detail-task",
    "detail-rich": "/pages/goods/components/detail-rich",
    "detail-bottom-button": "/pages/goods/components/detail-bottom-button",
    "detail-skeleton": "/pages/goods/components/detail-skeleton",
    "he-products-featured": "/components/he-products-featured",
    "he-cart": "/components/he-cart",
    "he-no-content-yet": "/components/he-no-content-yet",
    "detail-bar": "/pages/goods/components/detail-bar",
    "he-navbar": "/components/he-navbar",
    "taskpopups": "/plugins/task/components/popups",
    "taskbrowse": "/plugins/task/components/browse",
    "he-login-model": "/components/he-login-layout",
    "he-float-window": "/components/layout/he-float-window"
  }
}