{
  "navigationBarTitleText": "全部商品",
  "usingComponents": {
    "list-sort": "/pages/goods/components/list-sort",
    "list-a": "/components/goods-list/list-A",
    "list-b": "/components/goods-list/list-B",
    "list-c": "/components/goods-list/list-C",
    "list-d": "/components/goods-list/list-D",
    "he-no-content-yet": "/components/he-no-content-yet",
    "he-load-more": "/components/he-load-more",
    "he-login-model": "/components/he-login-layout",
    "he-float-window": "/components/layout/he-float-window"
  }
}