{
  "navigationBarTitleText": "动态",
  "navigationStyle": "custom",
  "disableScroll": true,
  "usingComponents": {
    "he-load-more": "/components/he-load-more",
    "he-no-content-yet": "/components/he-no-content-yet",
    "he-loading": "/components/he-loading",
    "list-video": "/promoter/pages/components/video",
    "he-empty-popup": "/components/he-empty-popup",
    "he-share": "/components/he-share",
    "he-login-model": "/components/he-login-layout",
    "he-float-window": "/components/layout/he-float-window"
  }
}