{
  "navigationStyle": "custom",
  "usingComponents": {
    "user-top": "/pages/user/components/user-top",
    "user-my-order": "/pages/user/components/user-my-order",
    "user-features": "/pages/user/components/user-features",
    "he-products-featured": "/components/he-products-featured",
    "he-copyright": "/pages/user/components/he-copyright",
    "user-coupon": "/pages/user/components/user-coupon",
    "task-popups": "/plugins/task/components/popups",
    "he-login-model": "/components/he-login-layout",
    "he-information-model": "/components/he-information-layout"
  }
}